TIMESTAMP,LINE,PRODUCT_CODE,Y_Quality,Y_Class,C_001,C_003,C_004,C_005,C_006,C_007,C_008,C_009,C_010,C_011,C_012,C_013,C_015,C_016,C_017,C_018,C_021,C_022,C_023,C_024,C_025,C_026,C_027,C_028,C_029,C_030,C_031,C_032,C_034,C_035,C_036,C_001_ma_w6,C_001_std_w6,C_003_ma_w4,C_003_std_w6,C_004_ma_w6,C_004_std_w6,C_005_ma_w6,C_005_std_w3,C_006_ma_w4,C_006_std_w5,C_007_ma_w3,C_007_std_w4,C_008_ma_w5,C_008_std_w4,C_009_ma_w4,C_009_std_w6,C_010_ma_w5,C_010_std_w5,C_011_ma_w6,C_011_std_w6,C_012_ma_w4,C_012_std_w6,C_013_ma_w4,C_013_std_w4,C_015_ma_w3,C_015_std_w3,C_016_ma_w6,C_016_std_w6,C_017_ma_w6,C_017_std_w6,C_018_ma_w6,C_018_std_w6,C_021_ma_w5,C_021_std_w3,C_022_ma_w6,C_022_std_w3,C_023_ma_w6,C_023_std_w3,C_024_ma_w5,C_024_std_w5,C_025_ma_w6,C_025_std_w6,C_026_ma_w3,C_026_std_w3,C_027_ma_w5,C_027_std_w3,C_028_ma_w4,C_028_std_w5,C_029_ma_w3,C_029_std_w5,C_030_ma_w6,C_030_std_w5,C_031_ma_w6,C_031_std_w6,C_032_ma_w6,C_032_std_w5,C_034_ma_w6,C_034_std_w3,C_035_ma_w6,C_035_std_w5,C_036_ma_w6,C_036_std_w5
2022-06-13 05:22:00,T050307,A_31,0.541819048,2,9.6e-06,3.921875,1.1,2.0,0.0,-26.0,-8.0,9.0,500.5,0.0,15.7358490565,19.4,0.0,56.4,61.5,84.39622642,258.0,209.0,414.875,187.0149948,433.0,910.0,1451.7209374499998,341.0,19852.5,6524.8125,2291.0,861.0,65527.328125,588940.0,41882.1875,9.6e-06,4.237251243134765e-06,3.921875,0.13991687499226904,1.1,0.6098968147926568,2.0,0.11676633655798303,0.0,1.3376863448720402,-26.0,2.657714459548942,-8.0,7.397740256769232,9.0,1181.4550026866675,500.5,186.62777565574928,0.0,0.0,15.7358490565,6.583269678569697,19.4,0.271387332914827,0.0,0.0,56.4,0.0,61.5,1.4725655696627622,84.39622642,0.33874679640632566,258.0,1.1129515025635066,209.0,0.21513127145367408,414.875,8.333164257068454,187.0149948,108.44098188805286,433.0,0.273311693653505,910.0,4.01245659369299,1451.7209374499998,510.0903206912627,341.0,0.0,19852.5,2.4412277681479444,6524.8125,53.08670453413999,2291.0,2.079463660271081,861.0,9.669484945867543,65527.328125,0.4008670736209091,588940.0,6370.776993870969,41882.1875,452.5969326491731
2022-06-13 05:39:00,T050307,A_31,0.537325397,2,2.65e-06,3.8565625,0.1,2.1625844080000003,0.0,-22.0,1.0,1935.0,274.0,0.0,26.5,19.8,0.0,56.4,60.5,84.32075472,259.0,209.0,421.8125,0.0,433.0,910.0,442.03763765,341.0,19855.0,6560.5,2290.0,868.0,65527.953125,593240.0,42186.4375,6.125e-06,4.914392129246505e-06,3.88921875,0.0461829116462464,0.6000000000000001,0.7071067811865476,2.0812922040000004,0.1149645374120004,0.0,0.0,-24.0,2.8284271247461903,-3.5,6.363961030678928,972.0,1361.8876605652906,387.25,160.159685938753,0.0,0.0,21.11792452825,7.611404125864423,19.6,0.2828427124746193,0.0,0.0,56.4,0.0,61.0,0.7071067811865476,84.35849057,0.0533665508576827,258.5,0.7071067811865476,209.0,0.0,418.34375,4.905553294481673,93.5074974,132.23957100664694,433.0,0.0,910.0,0.0,946.87928755,713.9539081393898,341.0,0.0,19853.75,1.7677669529663689,6542.65625,25.23487325359492,2290.5,0.7071067811865476,864.5,4.949747468305833,65527.640625,0.4419417382415922,591090.0,3040.5591591021544,42034.3125,215.1372381760071
2022-06-13 05:55:00,T050307,A_31,0.537833333,2,3.25e-06,4.2216129030000005,0.5,2.0,-5.0,-26.0,-2.0,0.0,0.5,0.0,16.141509434,19.3,0.0,56.4,59.0,85.28301887,262.0,209.8,445.0645161000001,0.0,433.0,920.0,261.2836302,341.0,19857.5,6674.903225999999,2294.0,888.0,65528.0,606920.0,43158.67742,5.166666666666667e-06,3.851082099012345e-06,4.000016801,0.1946665224949026,0.5666666666666668,0.5033222956847168,2.0541948026666668,0.093868151724836,-1.6666666666666667,2.8867513459481287,-24.666666666666668,2.309401076758503,-3.0,4.58257569495584,648.0,1114.5837788161105,258.3333333333333,250.3678959717746,0.0,0.0,19.45911949683333,6.100953923803452,19.5,0.2645751311064591,0.0,0.0,56.4,0.0,60.333333333333336,1.2583057392117925,84.66666667,0.5351088863108691,259.6666666666667,2.0816659994661246,209.26666666666665,0.461880215351703,427.2506720333334,15.812400415058368,62.3383316,107.97315759027649,433.0,0.0,913.3333333333334,5.773502691896241,718.3474017666666,641.5181680457799,341.0,0.0,19855.0,2.5,6586.738575333333,78.41016282628162,2291.6666666666665,2.081665999466197,872.3333333333334,14.011899704655786,65527.76041666666,0.3751084912512233,596366.6666666666,9388.93675201477,42409.10080666666,666.7389594640475
2022-06-13 06:11:00,T050307,A_31,0.540003175,2,2.25e-06,3.563225806,0.5,2.239522388,1.0,-22.0,18.0,18.0,3.0,0.0,24.0,19.6,0.0,56.4,66.5,85.8490566,263.0,209.0,451.8064516,0.0,431.0,910.0,391.1449275,341.0,19860.0,6710.225806,2283.0,894.0,65527.37097,611180.0,43463.51613,4.4375e-06,3.4661157414796942e-06,3.89081905225,0.2701110203510983,0.55,0.4123105625617661,2.100526699,0.1222866283535076,-1.0,2.70801280154532,-23.33333333333333,2.309401076758503,2.25,11.146748404803978,490.5,963.0280369750404,194.5,241.01486814440864,0.0,0.0,20.594339622625,5.474424608083631,19.525,0.2217355782608348,0.0,0.0,56.4,0.0,61.875,3.25,84.9622641525,0.735123005657731,260.5,2.0816659994661246,209.2,0.461880215351703,433.389616925,15.736089516267782,46.7537487,93.5074974,432.5,1.0,913.3333333333334,5.773502691896241,636.5467831999999,93.20768538778076,341.0,0.0,19857.5,3.227486121839514,6617.610383,88.94404490498528,2289.5,4.654746681256298,877.75,15.755951256588714,65527.663055,0.3504236603856961,600070.0,10659.587234034923,42672.7046375,757.8314314970278
2022-06-13 06:28:00,T050307,A_31,0.5380492060000001,2,2.45e-06,3.668064516,1.5,2.0,-6.0,-20.0,-2.0,21.0,3.0,0.0,19.5,19.9,0.0,56.4,61.5,85.90740741,264.0,209.9,459.7741935,0.0,433.0,910.0,398.044388,341.0,19862.5,6754.258065000001,2295.0,902.0,65527.85484,616470.0,43845.32258,4.04e-06,3.13057502705174e-06,3.82736643125,0.2542516256984882,0.74,0.5549774770204644,2.0804213592,0.1382883151887419,-2.5,3.24037034920393,-22.666666666666668,2.5166114784235827,1.4,9.604686356149273,493.5,860.0309878138113,156.2,225.6115577713164,0.0,0.0,21.5353773585,4.766183948834026,19.65,0.2645751311064591,0.0,0.0,56.4,0.0,61.8,2.8195744359743364,85.15129280400001,0.7641750653645987,261.2,1.0,209.34,0.4932882862316101,438.66653224,7.3633463235500605,37.402998960000005,83.63564823691395,432.6,0.8944271909999143,913.3333333333334,5.773502691896241,588.84630416,77.04442870368139,341.0,0.0,19860.0,3.952847075210474,6644.9399194,98.32497211919124,2290.6,4.72228758124704,882.6,17.42985943718421,65527.701412,0.329363108488836,603350.0,11790.339265686984,42907.228226,840.0820952372507
2022-06-13 06:44:00,T050307,A_31,0.539149206,2,3.33e-06,4.483548387,0.5,2.0,-5.0,-20.0,18.0,9.0,2.0,0.0,19.0,19.9,0.0,56.4,58.5,86.25925926,264.5,209.0,467.483871,0.0,432.0,950.0,383.91041745,341.0,19865.0,6790.064516,2287.0,908.0,65528.0,620750.0,44145.70968,3.921666666666667e-06,2.8150340436070512e-06,3.984112903,0.3455470963706525,0.7000000000000001,0.5059644256269408,2.067017799333333,0.1382883151887419,-3.75,3.24037034920393,-20.666666666666668,2.82842712474619,6.6,11.547005383792516,12.0,785.3417090668239,56.5,121.59050127374266,0.0,0.0,19.6603773585,4.2998288275245145,19.675,0.2872281323269013,0.0,0.0,56.4,0.0,61.25,2.859195691099159,85.33595387999999,0.8196152160354626,262.5,0.7637626158259795,209.28333333333333,0.5196152422706706,443.4694220333333,7.839063689651787,0.0,0.0,432.5,0.8366600265340756,923.3333333333334,23.09401076758501,375.28420016,7.0676471139319865,341.0,0.0,19862.5,3.952847075210474,6669.127352166666,88.3600953727919,2290.0,4.472135954999574,886.8333333333334,15.42724862054149,65527.751176666665,0.329363108488836,606250.0,10592.274071227588,43113.641801666665,755.2107316878123
2022-06-13 07:00:00,T050307,A_31,0.538507937,2,2.44e-06,4.071612903,0.0,2.0,-9.0,-16.0,15.0,15.0,2.5,0.0,17.5,19.9,0.0,56.4,60.5,85.92452829999999,265.5,209.0,476.0645161000001,0.0,433.0,910.0,227.643277595,341.0,19867.5,6832.258065000001,2287.0,915.0,65527.435485,625820.0,44501.80645,2.7283333333333336e-06,4.538024533502074e-07,3.946612903,0.3482908555216714,0.5166666666666667,0.5307227776030219,2.067017799333333,0.0,-4.75,3.63318042491699,-18.666666666666668,2.516611478423583,9.4,9.604686356149273,15.75,784.8518331506909,2.2,1.0368220676742788,0.0,0.0,20.0,3.986853916718273,19.825,0.1500000000000036,0.0,0.0,56.4,0.0,61.083333333333336,2.8708303096258865,85.59067086,0.6975518935796371,263.8,0.7637626158259795,209.28333333333333,0.5196152422706706,453.6676747166667,8.149040924123256,0.0,0.0,432.5,0.8366600265340756,923.3333333333334,23.09401076758501,332.405328149,94.56543285756077,341.0,0.0,19865.0,3.952847075210474,6720.368279666666,62.41749450111679,2289.333333333333,4.589843860815619,895.8333333333334,10.761040841851658,65527.76907,0.2931459326151547,612396.6666666666,7493.908859867477,43550.24496,532.9097424951451
2022-06-13 07:17:00,T050307,A_31,0.5392539679999999,2,2.59e-06,4.241290323,0.5,2.0,-8.0,-23.0,18.0,9.0,1.5,0.0,12.24528302,19.7,0.0,56.4,66.5,85.45283019,267.0,209.9,485.1935484,0.0,433.0,950.0,357.47512775,341.0,19870.0,6878.903226,2290.0,924.0,65527.258065,631410.0,44897.90323,2.718333333333333e-06,4.565267425536725e-07,4.11612903225,0.3568951214963813,0.5833333333333334,0.4915960401250875,2.039920398,0.0,-7.0,3.911521443121589,-19.666666666666668,2.8722813232690143,13.4,9.604686356149273,13.5,7.58946638440043,2.4,0.6519202405328087,0.0,0.0,17.061320755,3.8998928182724746,19.85,0.1000000000000079,0.0,0.0,56.4,0.0,62.083333333333336,3.583527126542599,85.779350105,0.3537250694801356,264.8,1.258305739211784,209.4333333333333,0.5196152422706706,464.2311827833334,8.856253672581175,0.0,0.0,432.5,0.8366600265340756,936.6666666666666,23.09401076758501,351.64362765899995,83.64065284961119,341.0,0.0,19867.5,3.952847075210474,6773.4354840000005,65.72971352894358,2289.333333333333,4.589843860815619,905.1666666666666,11.56719499273698,65527.65322666667,0.3874322706061031,618758.3333333334,7882.526879116891,44002.155915,557.9112634522711
2022-06-13 07:33:00,T050307,A_31,0.538853968,2,2.78e-06,3.776129032,0.3,2.0,-8.0,-26.0,7.0,18.0,3.0,0.0,26.0,19.6,0.0,56.4,66.0,85.39622642,267.5,209.0,492.5483871,0.0,433.0,960.0,350.31408465000004,341.0,19872.5,6914.516129000001,2286.0,930.0,65527.887095,635660.0,45203.51613,2.64e-06,3.81156135986292e-07,4.14314516125,0.3582815773154318,0.5499999999999999,0.5049752469181039,2.039920398,0.0,-7.5,1.6431676725154984,-21.666666666666668,4.272001872658765,11.2,5.19615242270663,12.75,5.019960159198876,2.4,0.6519202405328087,0.0,0.0,18.686320755,4.881033978436338,19.775,0.150000000000001,0.0,0.0,56.4,0.0,63.25,3.5178118198675703,85.79821803,0.3237005392340775,265.7,1.0408329997330437,209.30000000000004,0.5196152422706706,472.1451612833334,8.257833515134564,0.0,0.0,432.5,0.8366600265340756,940.0,26.457513110645884,343.477459089,72.97912573295083,341.0,0.0,19870.0,3.952847075210474,6813.370967833333,64.79059349889467,2288.0,4.098780306383895,912.1666666666666,11.410521460476708,65527.63440916667,0.3243219052596095,623548.3333333334,7762.040324553865,44342.96236666667,549.0019187643212
2022-06-13 07:49:00,T050307,A_31,0.539234921,2,2.05e-06,3.85375,0.15,2.0,-1.0,-29.0,10.0,18.0,3.0,0.0,30.0,19.9,0.0,56.4,60.65625,85.16981132,268.5,209.9,500.71875,0.0,433.0,910.0,364.0696004,341.0,19875.0,6957.0,2290.0,937.0,65527.40625,640775.0,45571.65625,2.6066666666666666e-06,4.279563840704649e-07,3.9856955645,0.3089892665993548,0.4916666666666667,0.5314288914489563,2.0,0.0,-6.5,3.2710854467592254,-26.0,5.5677643628300215,13.6,4.932882862316245,15.0,5.019960159198876,2.4,0.6519202405328087,0.0,0.0,21.436320755,6.334538617030452,19.775,0.150000000000001,0.0,0.0,56.4,0.0,62.27604166666666,3.235690654314262,85.68501048333333,0.4097132989644909,266.6,0.7637626158259238,209.45,0.5196152422706459,480.2972110166667,7.76616987260923,0.0,0.0,432.8333333333333,0.4082482904638565,940.0,26.457513110645884,336.682501569,6.879702287159703,341.0,0.0,19872.5,3.952847075210474,6854.500000166668,65.84194959067985,2289.1666666666665,3.311595788538684,919.3333333333334,11.562871615649804,65527.64028916667,0.3288488632427958,628480.8333333334,7893.997403090545,44694.31905333333,562.2106102553097
2022-06-16 23:46:00,T050307,A_31,0.57884127,2,2.01e-05,4.29516129,0.4,2.0,-75.0,4.0,21.0,2109.0,797.5,10.0,19.953703705,19.40645161,0.0,56.2,54.35483871,84.48148148,582.0,209.7,2631.16129,135.7925512,445.0,950.0,351.875,366.5,22587.5,24930.09677,2291.0,4831.0,65527.32258,3284390.0,239453.4516,5.548333333333333e-06,7.14125315800152e-06,4.0415826612500005,0.2716753558824261,0.3083333333333333,0.201038968030247,2.0,0.0,-23.0,30.800974010573107,-17.0,15.198684153570664,14.2,6.582805886043832,538.5,855.3714982392153,161.5,355.5353357965984,1.6666666666666667,4.08248290463863,22.04974668125,6.319931952374331,19.6516129025,0.2055929736588695,0.0,0.0,56.36666666666667,0.0816496580927711,61.08518145166667,4.603972140540518,85.44735616166666,0.6163552783865012,330.1,181.28867403490304,209.41666666666663,0.4725815626252422,842.1950604333333,1232.3769255333327,27.15851024,60.728275064264125,434.8333333333333,4.996665554814173,940.0,26.457513110645884,330.275418079,7.531699113232401,347.375,11.40394668524892,20778.33333333333,1214.747144470815,9883.806451,8065.371604786886,2288.5,2.073644135332837,1574.1666666666667,1746.1641675398107,65527.55157916666,0.3046554797742881,1073134.1666666667,1185564.2509181018,77295.67388999999,86943.5650533536
2022-06-21 17:44:00,T050307,A_31,0.52797619,1,2.195e-06,3.452580645,1.3666666669999998,2.0,-3.0,-9.0,1.0,9.0,2.0,0.0,23.41509434,19.4,0.0,56.2,65.5,85.98113208,724.5,209.0,3092.483871,0.0,430.0,950.0,343.815,399.5,26154.0,21522.09677,2282.0,3573.0,65527.85484,2435595.0,176070.4194,5.359166666666667e-06,7.226293944109018e-06,3.84440524175,0.3180195881240084,0.4527777778333333,0.4817118396076104,2.0,0.0,-21.75,31.456318920051658,-11.333333333333334,15.427248620541512,11.4,8.381527307120104,538.5,855.3714982392153,161.4,355.5913033244767,1.6666666666666667,4.08248290463863,24.84219951125,6.327815355418739,19.5766129025,0.2347148297783844,0.0,0.0,56.333333333333336,0.1032795558988628,62.25184811833333,4.703691961945768,85.40100163166666,0.5499648681824527,421.9,233.2825539983648,209.41666666666663,0.4725815626252422,1279.6950604333333,1382.561052444237,27.15851024,60.728275064264125,434.5,5.28204505849768,936.6666666666666,23.09401076758501,353.50976256,10.197391139231929,362.0,25.79389462644212,22872.166666666668,2767.7191557309425,12339.14516,9013.903569578488,2287.6666666666665,3.386246693120201,2018.3333333333333,1846.343007135998,65527.52738583335,0.2862208834084894,1375608.3333333333,1254583.337075501,99283.12551,91802.89853640484
2022-07-01 01:02:00,T050307,A_31,0.547480952,2,2.73e-06,1.156451613,2.0,2.0109425115,-1.0,-11.0,3.0,18.0,3.0,0.0,24.80188679,19.4,0.0,56.4,71.0,85.43396226,456.0,209.8,2486.0,0.0,443.0,940.0,310.65962225,487.5,6481.0,30799.838710000004,2332.0,4765.0,65527.32258,3258565.0,236203.0,5.4075e-06,7.20379882423156e-06,3.189485887,1.17211232039556,0.7861111111666667,0.7324552824699595,2.001823751916667,0.0063176619601332,-20.0,32.21490338337211,-5.333333333333333,13.573871960498227,8.4,9.032349269892816,538.5,855.1282359973853,161.7,355.4232687937018,1.6666666666666667,4.08248290463863,24.54267120875,6.098274588425409,19.5266129025,0.2489433101154333,0.0,0.0,56.333333333333336,0.1032795558988628,64.00184811833333,5.756905069208036,85.319240625,0.4897354058002672,459.7,134.33447063207564,209.55,0.435889894354051,1614.6843077499998,316.6788619506391,27.15851024,60.728275064264125,436.1666666666667,6.210206652492844,946.6666666666666,5.773502691896241,344.14666146,21.84395430021758,398.625,61.05059377270625,18407.5,7454.896620678251,16333.741934166666,10826.479198740397,2295.1666666666665,18.35665183704979,2660.0,1958.106534384685,65527.50856833334,0.3073004542749231,1814399.1666666667,1334100.7553339065,131233.324435,97453.684023532
2022-07-01 01:19:00,T050307,A_31,0.544584127,2,4.62e-06,4.329032258,0.0,2.0,-8.0,-17.0,9.0,9.0,1.5,0.0,27.0,19.7,0.0,56.4,62.5,84.83018868,452.0,209.0,2468.645161,0.0,443.0,920.0,343.08298130000003,487.5,6471.5,30644.0,2332.0,4737.0,65527.37097,3239345.0,234811.0645,5.745833333333333e-06,7.0918068337107616e-06,3.3083064515,1.184255590932525,0.7027777778333334,0.7971070378049288,2.001823751916667,0.0063176619601332,-21.75,32.21490338337211,-12.333333333333334,8.845903006477068,8.8,9.0,536.25,855.1282359973853,161.4,355.5913033244767,1.6666666666666667,4.08248290463863,23.79267120875,3.399643037972984,19.4766129025,0.1489557830965122,0.0,0.0,56.333333333333336,0.1032795558988628,63.33518145166666,5.640175496549128,85.21546704000001,0.5207524805203773,496.6,156.1860535814044,209.4,0.4618802153517043,1945.2595765166668,355.2695249887345,27.15851024,60.728275064264125,437.8333333333333,6.52431350156216,936.6666666666666,15.275252316519442,342.70044079,18.934488538146205,435.25,68.1380950716998,13035.5,9252.37561791565,20294.5913965,9779.45832468388,2302.1666666666665,23.32738019295478,3295.5,1666.9975404900872,65527.52738583333,0.2943276169474536,2249055.0,1137151.741327867,162885.51798,83033.06410455778
2022-07-19 06:19:00,T050307,A_31,0.562769841,2,0.0,0.664516129,0.35,2.0,-5.0,-41.0,-12.0,18.0,3.0,0.0,27.5,19.8,0.0,56.3,93.177419355,85.58490566,369.0,207.5,109.0,0.0,461.1320755,910.0,839.880758,639.0,19630.0,6460.516129,2457.0,936.0,65527.14516,640685.0,49225.22581,5.2825e-06,7.408090003502926e-06,2.40064516125,1.6260596956957496,0.7111111111666667,0.7923009155795215,2.001823751916667,0.0063176619601332,-4.25,31.745865872582527,-23.0,14.730919862656236,4.4,8.845903006477064,13.5,855.1282359973853,161.4,355.5913033244767,1.6666666666666667,4.08248290463863,25.6792452825,3.5235641475838326,19.575,0.2061552812808798,0.0,0.0,56.31666666666667,0.0983192080250163,67.86475134416666,13.560337627630911,85.24691358,0.5392204300770378,516.7,49.115510109672165,209.15,1.167618659209146,1881.334845333333,1367.3792132072358,27.15851024,60.728275064264125,442.5220125833334,10.9581141636209,923.3333333333334,15.275252316519442,437.86267231,296.62948709084526,503.375,105.68348972285122,10860.833333333334,9229.4210314082,20218.924729833336,9983.103376733348,2330.6666666666665,65.664805388173,3296.5,1667.4222020832035,65527.40373,0.1188904289270718,2249892.5,1137189.9478890938,163555.80292666669,81485.31360701915
2022-07-20 07:55:00,T050307,A_31,0.547592063,2,0.0,0.490967742,1.0,2.0,-8.0,-33.0,-4.0,12.0,2.5,0.0,17.5,19.5,0.0,56.3,78.0,84.59259259,371.5,209.0,71.0,0.0,455.71296295,920.0,288.76,651.0,20593.0,7056.9354840000005,2467.0,949.0,65527.725805,650435.0,49641.67742,4.940833333333334e-06,7.63091502813828e-06,1.6602419355000002,1.8233720166719376,0.8527777778333333,0.7465786158859281,2.001823751916667,0.0,-5.5,3.0822070014844702,-30.33333333333333,13.892443989449806,-0.6,9.055385138137416,14.25,855.6164444422511,2.4,0.6519202405314235,1.6666666666666667,4.08248290463863,24.2004716975,3.960144146951999,19.6,0.1825741858350521,0.0,0.0,56.29999999999999,0.0894427190999899,70.75537634416666,13.56495690534756,85.15071045833334,0.6033994227390879,474.6,47.21493407810681,209.0,0.8660254037844538,1809.7150536666663,1373.4428518566904,0.0,0.0,446.3075064083334,10.933928818670532,916.6666666666666,5.773502691896241,425.23967231000006,303.72495977168694,566.25,108.53881794086392,15564.833333333334,8925.945666986776,20235.58064383333,12047.979706470816,2360.1666666666665,81.57307562343482,3298.5,1931.780267007612,65527.45698916667,0.2927019671156443,2251502.5,1319912.5513267915,164234.13978833336,94243.84649567
2022-07-20 23:23:00,T050307,A_31,0.542847619,2,0.0,0.675806452,0.7,2.0,-11.0,-13.0,9.0,9.0,500.5,0.0,26.685185185,19.0,0.0,55.7,90.5,84.87037037,629.0,206.55,447.0,65.80617124,459.1111111,950.0,362.98543995,657.5,21287.5,24158.58065,2472.0,3603.0,65527.225805,2468030.0,188985.1613,1.5908333333333337e-06,1.919938584087168e-06,1.54008064525,1.6617897076833716,0.9027777778333334,0.7197543305588012,2.001823751916667,0.0,-8.0,3.7815340802377935,-29.0,13.21615173439934,1.0,10.344080432788598,12.0,4.415880433149158,102.1,222.71321245045164,0.0,0.0,24.67129629625,3.749442491344547,19.5,0.3559026084010416,0.0,0.0,56.21666666666667,0.2639444385977183,76.77956989249999,12.83095756671163,85.21552527333334,0.534035896739926,455.5,149.39461168328657,208.475,1.2352462642458577,1445.688172,206.9879223529732,13.161234248,29.429414446326327,448.6593582583334,12.056446196166718,926.6666666666666,20.816659994661336,429.0737603,299.0743079939264,608.75,88.79681863670568,20503.5,7705.553268584937,20106.99462383333,12226.105904192702,2390.333333333333,84.30104783848529,3093.833333333333,1934.081177200172,65527.44086,0.3145505343629314,2115442.5,1322389.972632884,155822.75807166667,95335.38567542966
2022-07-25 12:47:00,T050307,A_31,0.5556158729999999,2,0.0,0.368387097,0.0,2.0,-13.0,-12.0,13.0,9.0,1.5,0.0,9.311320755,19.3,0.0,55.2,117.0,82.73584906,530.0,209.0,188.0,0.0,459.3584906,930.0,169.211386965,709.5,25393.5,16579.74194,2481.0,2292.0,65527.935485,1571395.0,120501.2581,1.225e-06,1.989650723116993e-06,0.549919355,1.5171906737401677,0.6750000000000002,0.758781918603758,2.001823751916667,0.0,-9.25,3.0822070014844725,-19.33333333333333,14.522970311429638,3.0,11.561430130683082,12.0,4.415880433149158,101.8,222.8810220723156,0.0,0.0,20.249126485,7.296545378359923,19.4,0.3366501646120671,0.0,0.0,56.05,0.4929503017546445,85.36290322583334,19.347247839419456,84.67464477,1.023064193711621,470.3,129.89065914581127,208.475,1.414508159514586,961.6075268333334,192.41708170880725,13.161234248,29.429414446326327,453.552440025,8.359853606436687,933.3333333333334,15.275252316519497,400.784113243,97.76644825347498,664.25,83.51451969567928,22424.666666666668,7167.279115884912,19283.26881883333,10577.380027136678,2423.5,71.29866758923241,2880.333333333333,1667.00938809594,65527.45430083334,0.3646028443894267,1971409.1666666667,1140038.4195258508,146561.23118833333,82957.08774051211
2022-07-26 06:30:00,T050307,A_31,0.5375603170000001,2,0.0,0.636451613,0.1,2.0,-24.0,-33.0,0.0,9.0,2.0,10.0,30.5,19.0,5.0,55.2,76.5,82.62264151,440.0,205.1,68.0,0.0,458.8962264,960.0,312.505,719.5,26125.0,9510.096774,2491.0,1239.0,65527.258065,849540.0,64854.87097,7.699999999999999e-07,1.8861071019430391e-06,0.542903226,1.5403931953892411,0.3583333333333333,0.4128155358833609,2.0,0.0,-14.0,7.259476565152608,-19.33333333333333,11.842719282327012,1.2,7.8528126595931615,9.75,3.63318042489904,101.9,222.82487518228305,1.6666666666666667,4.08248290463863,20.999126485,8.045737293277249,19.2,0.2449489742783133,1.6666666666666667,2.8867513459481287,55.85,0.5612486080160848,86.27956989249999,18.648304977390147,84.20609131166667,1.2288370104133397,467.9,94.53570753953238,207.6916666666667,1.9712517173951565,558.6075268333333,193.70166063648963,13.161234248,29.429414446326327,456.2018110916667,6.701086802188632,946.6666666666666,15.275252316519497,394.668516983,100.52339525735871,684.375,36.56603615378626,24268.666666666668,2949.606088107361,15734.978496166666,7538.039354794443,2450.0,58.97117940146528,2292.6666666666665,1148.7187210105003,65527.44354833334,0.4007460264684235,1569905.0,786928.4236082084,118003.20968333336,60299.91454987099
2022-07-31 00:46:00,T050307,A_31,0.522368254,0,0.0,0.662580645,0.3,2.0044444445,-6.0,-2.0,36.0,9.0,2.0,0.0,21.5,19.0,0.0,56.4,77.0,84.8490566,126.0,209.0,133.0,0.0,454.8301887,920.0,232.08889527,759.5,1053.5,33140.74194,2492.0,4187.0,65527.290325,2871870.0,219849.3226,0.0,0.0,0.58580645175,0.1256794506011816,0.4083333333333334,0.3773813279253048,2.00074074075,0.0025660012284673,-13.5,7.021395872616777,-15.666666666666666,12.987173159185438,10.8,15.32970971675589,9.0,3.63318042489904,101.7,222.9362577060986,1.6666666666666667,4.08248290463863,21.999126485,7.820332949248323,19.075,0.1499999999999914,1.6666666666666667,2.8867513459481287,55.85,0.5612486080160848,88.69623655916666,15.648624214924482,84.209235965,1.2307761367999803,419.3,212.0974618738595,207.6916666666667,2.251666049839552,169.33333333333334,60.06940430313748,13.161234248,29.429414446326327,458.1735092083333,2.399616334250175,936.6666666666666,20.816659994661336,273.11014443700003,71.8254719061138,711.5,45.3216283908688,17524.0,10264.37630228939,16151.102152833337,10735.18318884865,2476.6666666666665,13.866025626198924,2201.0,1422.2327516971336,65527.4301075,0.3821365352835598,1508659.1666666667,975061.9111202632,115509.58603333333,74726.36054095755
2022-07-31 02:25:00,T050307,A_31,0.52338254,0,0.0,0.6216129029999999,0.6,2.0,-11.0,-5.0,19.0,12.0,2.0,0.0,17.87037037,19.5,10.0,56.4,84.0,84.05555556,142.5,205.1,171.483871,0.0,461.7962963000001,960.0,523.5570051499999,759.5,1101.0,33840.74194,2493.0,4315.0,65527.30645,2959660.0,226508.7742,0.0,0.0,0.5722580644999999,0.1212650539380763,0.4499999999999999,0.383405790253616,2.00074074075,0.0025660012284673,-13.5,6.670832032063161,-13.333333333333334,13.976170195491088,15.4,14.94434118097326,9.75,1.5491933384408627,101.6,222.9919841608662,1.6666666666666667,4.08248290463863,19.79542278125,7.487797780033925,19.2,0.2449489742783133,5.0,5.0,55.86666666666667,0.5785038173311047,87.16666666666667,15.571341196784113,83.95434428166666,1.0310559083120476,373.5,176.71752412631074,207.29166666666663,2.2516660498395416,179.74731183333333,52.305066491835554,13.161234248,29.429414446326327,458.284212675,2.572498125253756,946.6666666666666,23.09401076758505,320.069545467,150.53424740724893,737.0,42.22321636256534,9426.5,12835.59381855783,20714.473121333333,10534.483268464382,2482.6666666666665,11.183320914039305,2764.1666666666665,1325.0744130047942,65527.45698916667,0.024636799738576,1895155.0,908789.6541582106,145056.84409833336,69592.65640286321
2022-07-31 06:26:00,T050307,A_31,0.5245507939999999,0,0.0,1.565806452,1.5,2.0,-2.0,-1.0,17.0,9.0,1.5,0.0,13.764150945,19.4,0.0,56.4,68.5,83.71698113,95.0,209.0,90.5483871,0.0,456.90566039999993,960.0,318.75262365000003,762.0,1230.5,5003.548387,2492.0,822.0,65527.30645,564700.0,43472.51613,0.0,0.0,0.87161290325,0.4131671242798512,0.5333333333333333,0.5465040408511784,2.00074074075,0.0025660012284673,-10.75,8.348652585896716,-2.6666666666666665,15.26160760426852,17.0,14.719601443879744,9.75,1.2247448713383269,1.8,0.2738612787791666,1.6666666666666667,4.08248290463863,20.90863032875,7.93521279626699,19.225,0.2629955639676541,3.333333333333333,5.773502691896257,55.883333333333326,0.5946988033169905,85.58333333333333,17.098001832572894,83.80840903833334,0.983522162589548,266.7,24.116038922948505,207.29166666666663,2.2516660498395664,183.00537635,40.48394809280586,0.0,0.0,458.4829955833333,2.3723712348995094,946.6666666666666,23.09401076758505,311.222982207,149.67135974936275,750.125,25.37222891273064,1128.3333333333333,13493.542884468852,20372.2419385,13324.167963744312,2486.833333333333,8.518607084868746,2743.0,1625.1198417347564,65527.387096666665,0.0093097727339654,1880865.8333333333,1114521.3583283185,144028.65055,85265.89188186827
2022-07-31 15:01:00,T050307,A_31,0.543957143,2,0.0,0.5709375,1.0,2.0,-3.0,0.0,21.0,9.0,1.5,0.0,15.62264151,18.8,0.0,56.4,72.0,85.69811321,168.0,208.4,166.0,0.0,452.94339625,960.0,294.7280957,767.0,1560.0,21331.15625,2485.0,2898.0,65527.984375,1987580.0,152776.5,0.0,0.0,0.8552343749999999,0.4193643726153122,0.5833333333333334,0.5776388721914986,2.00074074075,0.0,-5.5,8.983317872590279,-2.0,2.1602468994693016,18.6,8.655441448399186,9.75,1.2247448713383269,1.8,0.2738612787791666,1.6666666666666667,4.08248290463863,17.18929070625,7.315057610254787,19.175,0.3304037933599791,3.333333333333333,5.773502691896257,56.0,0.6196773353931844,82.5,17.691806012954114,83.94636617833334,1.1971304167150223,194.3,37.04839177795945,207.6,2.1000000000000223,136.17204301666666,45.22825681010711,0.0,0.0,457.4550431083333,3.227793063606496,960.0,0.0,336.326323954,125.75417980123856,762.0,19.25162330817858,1297.1666666666667,11132.345198788978,19901.0045385,13222.625175319146,2489.0,4.8579831205657085,2625.5,1621.7042578719463,65527.513525,0.3914001812393685,1800790.8333333333,1112132.2679879405,137993.87366666668,85111.88313622712
2022-08-03 01:20:00,T050307,A_31,0.534842857,1,0.0,0.711290323,0.8,2.2,-22.0,-10.0,14.0,9.0,1.5,0.0,8.083333335,19.1,0.0,54.4,86.0,84.51851852,169.0,205.1,151.0,0.0,458.82407405,910.0,351.01,784.0,2703.5,26808.51613,2486.0,3650.0,65527.0,2496080.0,191040.9355,0.0,0.0,0.8674117944999999,0.3805493848980208,0.7166666666666667,0.503653319920227,2.034074074083333,0.1154700538379254,-9.5,8.167006795638162,-3.6666666666666665,4.546060565661959,21.4,2.986078811194807,9.75,1.2247448713383269,1.7,0.2738612787791875,1.6666666666666667,4.08248290463863,13.83512404,7.620745912397115,19.200000000000003,0.3162277660168336,0.0,0.0,55.86666666666667,0.8640987597877116,77.33333333333333,6.735478206234952,84.243477755,1.0486144236545654,140.1,42.43819034784405,206.95,2.1000000000000223,130.00537635,39.942340507757024,0.0,0.0,457.3659736833333,3.171648577576671,943.3333333333334,28.867513459481334,344.02732395399994,28.241131421621304,768.125,10.304125387436088,1831.3333333333333,685.3457703962282,21605.800236833333,11792.645150611756,2489.833333333333,3.43025752187274,2851.833333333333,1428.522418445017,65527.35761083333,0.5037340648802704,1954905.0,978851.2454505026,149750.48656666666,74788.52411077883
2022-08-04 12:24:00,T050307,A_31,0.550339683,2,0.0,1.488709677,0.1,2.441855164,-13.0,-11.0,27.0,21.0,3.0,0.0,19.30188679,19.7,0.0,55.6,76.0,84.32075472,190.5,205.2303092,157.0,0.0,452.2735849,920.0,337.815,796.0,3698.0,10002.58065,2493.0,1578.0,65527.274195000005,1080825.0,82705.87097,0.0,0.0,1.084185988,0.4603265252343437,0.7166666666666667,0.503653319920227,2.1077166014166666,0.2212577329371544,-10.0,8.167006795638162,-7.0,5.802298395176409,19.6,5.619905100029115,12.0,4.806245936265598,1.9,0.6519202405314235,0.0,0.0,14.193003145,4.742623628098351,19.25,0.3872983346207378,0.0,0.0,55.93333333333334,0.8164965809277245,77.25,6.750925862428009,84.52649662333333,0.6922751714022151,153.0,12.711543310439984,206.9717182,1.868775011213185,144.83870968333335,7.54983443530121,0.0,0.0,456.2622001,3.64904444758862,930.0,26.45751311064597,365.17254489999993,29.43422638922016,777.25,15.7066864742378,2653.833333333333,1112.9777288876892,21687.88088283333,11860.857649818328,2490.1666666666665,3.656045222144168,2908.333333333333,1442.6072923703111,65527.36029916666,0.5080243877040729,1993452.5,988195.960098502,152725.65323333337,75580.93816800803
2022-08-04 12:32:00,T050307,A_31,0.551949206,2,0.0,0.718064516,0.1,2.5,-1.0,-9.0,27.0,6.0,1.5,1.0,9.29245283,19.9,0.0,55.6,67.0,84.94339623,192.5,207.05,162.0,0.0,458.03773585,910.0,286.315,796.0,3702.5,10080.58065,2489.0,1592.0,65527.274195000005,1090200.0,83415.22581,0.0,0.0,0.8722505039999999,0.4542325146459929,0.6833333333333332,0.5419102016632151,2.190309194,0.1590988907917206,-9.75,9.093954035511722,-10.0,5.066228051190228,21.2,6.184658438426484,11.25,5.253570214613065,1.8,0.6708203932607897,0.1666666666666666,0.408248290463863,13.07507861625,4.537523501534862,19.375,0.5123475382979767,0.0,0.0,55.79999999999999,0.7899367063252565,75.58333333333333,7.952462930857711,84.542219895,0.7020685978677633,163.0,13.028814220790082,206.6467182,1.090164750179885,149.67204301666666,5.507570547327849,0.0,0.0,456.7967912916667,3.632210649148516,913.3333333333334,5.7735026918965415,317.72414387,34.18528204261661,785.75,15.937377450509366,3368.0,1160.466145563927,17844.520667833334,9055.376583719357,2489.6666666666665,3.5590260839680843,2475.833333333333,1140.4841077367105,65527.35761083333,0.1583065570213676,1696507.5,779838.2008115529,129986.63710166664,59734.33044955544
2022-08-05 08:45:00,T050307,A_31,0.539611111,2,0.0,0.643125,0.7,2.25,-9.0,-9.0,22.0,9.0,2.0,0.0,10.396226415,19.6,0.0,55.6,76.5,81.92452829999999,165.0,208.0,85.0,0.0,456.7735849,950.0,283.32,804.5,4445.0,7037.15625,2489.0,994.0,65527.90625,680700.0,51935.0,0.0,0.0,0.8902973789999999,0.4512343102695521,0.7000000000000001,0.5403702434442518,2.231975860666666,0.130823816579739,-11.25,8.414273587185047,-9.666666666666666,0.9574271077563729,22.2,6.137317546507316,11.25,5.282045058485355,1.9,0.6519202405314235,0.1666666666666666,0.408248290463863,11.7684748425,4.277386927916004,19.575,0.340342964277698,0.0,0.0,55.66666666666666,0.7339391437078814,74.33333333333333,6.882344561751176,84.187048685,1.2902006945940978,177.0,15.332427509471373,207.13005153333333,1.407418543244401,135.25806451666665,43.085186936275335,0.0,0.0,455.959672725,2.711665696182098,926.6666666666666,20.81665999466142,310.63761914,30.634743484045345,795.125,14.54303957224914,3948.5,1116.2740814871572,13377.256386166666,8545.36191728394,2489.0,3.162277660121116,1922.3333333333333,1093.629187613425,65527.4575775,0.3649171243822037,1316680.8333333333,748228.9445383679,100891.00806833332,57429.36955174562
2022-08-12 08:35:00,T050307,A_31,0.532385714,1,0.0,0.467741935,0.2,2.395602766,-17.0,-35.0,-21.0,18.0,3.0,0.0,10.0,19.4,0.0,55.6,87.0,84.61111111,248.5,209.0,89.0,0.0,463.6666667,920.0,423.7979529,870.0,10544.0,11387.58065,2494.0,1501.0,65527.419355000005,1027530.0,78392.54839,0.0,0.0,0.829410282,0.3659790321002061,0.4833333333333333,0.3970726214015095,2.297909655,0.1255646897908955,-10.0,7.987490219086338,-17.666666666666668,12.701705922171769,13.8,23.286262044390032,13.5,5.999999999989132,2.2,0.758287544414726,0.1666666666666666,0.408248290463863,12.24764150875,4.372719973322651,19.65,0.2081665999466088,0.0,0.0,55.53333333333334,0.6408327915038802,77.41666666666667,7.825705506001743,84.33607034833334,1.2766134778258362,193.1,42.55290824373664,207.13005153333333,0.9751068317540584,135.0,43.347433603391735,0.0,0.0,457.0865071083333,4.186883884798228,926.6666666666666,20.81665999466142,336.45159058,80.25437435022641,816.625,34.27170844880663,6230.5,3150.1926012547224,14441.261763333334,7847.261113836173,2489.333333333333,3.6147844564188127,2035.5,1028.863450609458,65527.476395000005,0.3310668838796572,1393819.1666666667,703086.9799462938,106711.013445,53871.18348957704
2022-08-13 14:21:00,T050307,A_31,0.527944444,1,0.0,0.466774194,0.6,2.441820308,-4.0,-8.0,28.0,9.0,2.0,0.0,17.528301885,19.4,0.0,55.6,70.5,84.20754717,319.5,208.0,179.0,0.0,462.6415094,950.0,279.185,880.5,11537.0,14883.096769999998,2493.0,2186.0,65527.758065,1496585.0,114283.8065,0.0,0.0,0.57392641125,0.3793457435140879,0.4166666666666667,0.318852107828483,2.371546373,0.1001093212581364,-7.75,6.496152707564679,-17.333333333333332,13.175102782647786,16.6,23.48048835380844,10.5,5.999999999989132,2.3,0.6708203932607473,0.1666666666666666,0.408248290463863,11.8042452825,4.732742890788068,19.575,0.2362907813126266,0.0,0.0,55.4,0.4898979485566224,77.16666666666667,8.053984521133996,84.087642675,1.0899329755464553,223.2,77.33423131662474,207.06338486666664,0.577350269189761,137.16666666666666,53.15386470741134,0.0,0.0,458.7028593,4.13925354997406,940.0,17.3205080756889,322.08659058,82.32462128917011,837.75,42.16248332344768,8842.0,3912.1145113608313,13366.585183333334,2839.682541057558,2490.6666666666665,3.1411250637890387,1916.8333333333333,423.2436650441448,65527.43867666667,0.2495829853154976,1311986.6666666667,289708.747119413,100295.56452833331,22144.72801299273
2022-08-14 12:30:00,T050307,A_31,0.525085714,1,0.0,1.898064516,0.2,2.374391321,-4.0,-9.0,36.0,9.0,2.0,3.0,9.49074074,19.0,0.0,55.6,67.0,82.90740741,250.5,207.5,65.0,0.0,462.2407407,960.0,331.4,886.0,11941.0,7622.354839,2490.0,1015.0,65527.919355000005,695335.0,53052.83871,0.0,0.0,0.8689264112499999,0.6005047274503138,0.3166666666666666,0.2639444385977219,2.4006115931666665,0.0344786283451008,-8.5,6.284902544988261,-17.333333333333332,13.175102782647786,18.4,25.48692475237712,11.25,5.999999999989132,2.1,0.5477225575184269,0.6666666666666666,1.2110601416389966,11.85381726,4.503320158465928,19.35,0.2516611478423539,0.0,0.0,55.6,0.0,74.0,7.609204951898678,83.81912415666666,1.1588319614797713,235.2,40.42688874169316,207.46338486666664,0.7637626158260648,122.83333333333331,60.09991680527066,0.0,0.0,459.2723037416668,4.386876102805781,943.3333333333334,20.81665999466142,320.80359058,73.23102037566643,860.25,43.52786463864273,11340.666666666666,4021.1618718972254,10168.891634833331,3162.4285014280035,2491.333333333333,2.2509257354168364,1477.6666666666667,490.2380034228275,65527.59190250001,0.2551923876255394,1011862.5,335501.57631894964,77297.54839666667,25650.648669955328
2022-08-16 12:11:00,T050307,A_31,0.5247809520000001,0,0.0,0.489354839,1.5,2.37846396,1.0,-21.0,-6.0,9.0,2.0,1.0,3.5,19.0,0.0,55.6,110.0,84.18867925,370.0,208.0,195.0,0.0,460.39622639999993,910.0,290.52,908.5,13973.5,17943.77419,2478.0,2448.0,65527.33871,1674330.0,128152.9355,0.0,0.0,0.830483871,0.5572660977400414,0.5499999999999999,0.5244044240850757,2.3900463925,0.0378093496112824,-6.0,6.804410334481594,-12.666666666666666,12.632629707758136,11.8,27.17075633838705,11.25,4.098780306367925,2.2,0.4472135955161863,0.8333333333333334,1.1690451944500122,10.12976065625,4.468447185307888,19.2,0.2309401076758421,0.0,0.0,55.6,0.0,79.66666666666667,16.66633332999992,83.79711157833333,1.1486068080979217,270.7,59.98819328278902,207.92500000000004,0.2886751345949911,129.16666666666666,70.88958550685561,0.0,0.0,460.626077325,2.738916900326474,940.0,26.45751311064597,321.64459058,27.465320102508468,886.25,39.1749282066988,12483.833333333334,3601.4339227591,11492.4238915,4678.561726349265,2488.833333333333,5.706721183514087,1622.6666666666667,666.6361076329425,65527.602655,0.2997281257411445,1110780.0,455753.0334978583,84872.05915166666,34918.323920511706
2022-08-25 07:52:00,T050307,A_31,0.5158841270000001,0,0.0,0.622580645,0.1,2.426152213,-12.0,-7.0,0.0,9.0,1.5,0.0,13.226415095,19.0,0.0,54.4,72.5,85.56603774,226.0,209.9,249.0,0.0,461.5,920.0,389.818995,963.5,805.0,8360.064516,2478.0,1531.0,65527.387095,1054135.0,80323.25806000001,0.0,0.0,0.8691935485,0.5607588254673845,0.5499999999999999,0.5244044240850757,2.377738428,0.0287806236996739,-4.75,7.190271204899014,-12.333333333333334,6.551081335677855,7.4,20.615528128088304,9.0,3.674234614157016,2.1,0.5477225575184269,0.6666666666666666,1.2110601416389966,10.93636443,4.62368899091969,19.1,0.1999999999999889,0.0,0.0,55.400000000000006,0.4898979485566224,80.58333333333333,15.966892830687696,83.90088516333333,1.2920530576693952,282.9,77.04598194152139,208.4,1.2662279942149064,143.66666666666666,94.57977232650644,0.0,0.0,461.20312135,2.432064116935023,930.0,26.45751311064597,342.94438958,49.90698645951196,909.625,37.30382017970821,8906.5,5159.330218158167,11205.6712025,4370.952754122543,2487.0,7.211102550907577,1612.5,575.8764624465912,65527.62147166667,0.3221775990145206,1104769.1666666667,393102.5003195732,84356.73119333333,30146.632000957383
2022-08-25 08:37:00,T050307,A_31,0.520911111,0,0.0,0.5034375,0.4,2.4,-8.0,-17.0,11.0,9.0,1.5,0.0,13.00943396,18.996875,0.0,54.4,73.0,82.22641509,243.0,207.0,269.71875,0.0,459.5,950.0,455.14,964.0,850.0,9049.96875,2480.0,1658.0,65527.375,1141095.0,86957.0,0.0,0.0,0.878359375,0.569640552092061,0.5,0.5215361924162119,2.402738428,0.023881334195952,-5.75,4.87852436706018,-15.0,6.608075867199676,13.8,18.55397531527948,9.0,3.674234614157016,1.8,0.2738612787791668,0.6666666666666666,1.2110601416389966,9.80664744875,4.7126714530581655,18.99921875,0.0015624999984783,0.0,0.0,55.2,0.6196773353931744,80.0,16.208022704821197,83.95119962833333,1.202470774869716,281.8,78.69138029881823,208.2333333333333,1.4730919862656804,174.453125,38.57494481121093,0.0,0.0,461.6575238666667,1.5241796896982958,926.6666666666666,20.81665999466142,349.212799,82.89236846881556,930.5,40.85186654242379,5209.5,6450.879955478942,11541.1399525,4578.202052007508,2485.5,7.635443667509394,1723.1666666666667,564.0038120438551,65527.53293000001,0.0251805523063165,1181501.6666666667,384587.0553333796,90193.73119333334,29498.847011014004
2022-08-25 08:45:00,T050307,A_31,0.5188349210000001,0,0.0,1.82516129,0.1,2.246103357,-6.0,-12.0,2.0,9.0,1.5,0.0,13.5,19.0,0.0,55.42,75.0,81.98148148,251.0,209.0,280.6774194,0.0,461.10185185,950.0,466.585,964.5,872.5,9387.0,2483.0,1720.0,65527.903225,1183575.0,90199.77419,0.0,0.0,0.8601335685,0.6950116080697544,0.4833333333333333,0.5344779384283944,2.3778218598333334,0.0972845530033559,-6.25,4.816637831516911,-12.0,6.075908711186068,8.6,7.041543391425874,9.0,0.0,1.7,0.2738612787791875,0.6666666666666666,1.2110601416389966,10.80896226375,4.761806117339935,18.99921875,0.0015624999984783,0.0,0.0,55.17,0.6004997918400838,78.0,15.909116883095663,83.51292802333333,1.379963350514885,268.1,12.767145334799276,208.2333333333333,1.4843629385475474,206.39936156666667,16.087354953644628,0.0,0.0,461.230054725,1.1654489174006963,940.0,17.3205080756889,386.692799,41.41425125660072,950.125,37.41757608397429,842.5,6674.363110065258,11207.709844166666,4231.062350476935,2483.6666666666665,6.4083279150165176,1759.6666666666667,513.8524107173189,65527.613575,0.3015399687499227,1207509.1666666667,350727.251871023,92161.60216,26916.891132078334
2022-08-25 09:01:00,T050307,A_31,0.524090476,0,0.0,0.643125,0.4,2.395030585,-11.0,-37.0,-14.0,9.0,1.5,0.0,11.330188679,19.0,0.0,54.4,91.0,84.20754717,234.0,209.0,259.0,0.0,461.4716981,950.0,337.9886302,964.0,827.5,8697.15625,2482.0,1593.0,65527.921875,1096635.0,83565.0,0.0,0.0,0.89857610875,0.6729774574902238,0.4499999999999999,0.5319774431308154,2.3700235726666663,0.0874530264883923,-9.25,5.167204273105518,-22.0,13.14977819838292,-1.4,10.340051579497404,9.0,0.0,1.6,0.2236067977825881,0.6666666666666666,1.2110601416389966,12.7665094335,3.827591551945669,18.99921875,0.0015624999984783,0.0,0.0,54.97,0.6278534860936783,81.41666666666667,16.175341315306646,83.51292802333333,1.379963350514885,264.8,8.5049005481088,208.4,1.1547005383793192,219.7326949,10.83893097763281,0.0,0.0,461.035086175,0.9622335167223888,950.0,0.0,388.01052504,71.17169123178336,964.0,24.82287251709612,850.0,5874.092638442127,10176.7197575,4074.455426726626,2481.833333333333,4.4907311950709765,1660.8333333333333,374.5590741124825,65527.64087666667,0.3104946963416943,1140850.8333333333,253082.61468342703,87041.80107666667,19533.8322687937
2022-08-25 09:17:00,T050307,A_31,0.521493651,0,0.0,0.4490322579999999,0.2,2.3861094940000003,-10.0,0.0,35.0,9.0,2.0,0.0,24.066037735,19.0,0.0,54.4,77.5,83.75471698,259.5,208.0,296.0,0.0,461.5471698,960.0,472.685,964.5,895.0,9740.354839,2479.0,1785.0,65527.35484,1228125.0,93602.0,0.0,0.0,0.855189012,0.5296720084242452,0.45,0.5319774431308154,2.3719766015,0.0835270649770261,-8.75,2.408318915758441,-16.333333333333332,15.41644143979624,6.8,20.46948949045872,9.0,0.0,1.6,0.2236067977825881,0.1666666666666666,0.4082482904638629,15.4764150935,6.568564945688067,18.99921875,0.0015624999984783,0.0,0.0,54.77,0.5760208329565737,83.16666666666667,14.814407401805385,83.65414628500001,1.348602635741664,242.7,12.983964469037332,208.4833333333333,0.5773502691897486,258.2326949,18.59073240483832,0.0,0.0,460.919491025,0.8195022973291431,953.3333333333334,5.773502691896615,424.44352504,76.06723819866629,964.25,0.4183300132741002,865.0,35.575623676789554,10529.7197575,545.5778389265257,2480.0,2.097617696273894,1789.1666666666667,100.40567713033036,65527.54679083333,0.3221290170985835,1229649.1666666667,68769.13348298057,93799.994625,5248.333034254815
2022-08-25 10:06:00,T050307,A_31,0.5194063489999999,0,0.0,0.6787096770000001,0.4,2.25656871,-6.0,-21.0,0.0,18.0,3.0,10.0,13.38888889,19.8,0.0,54.4,82.5,83.25925926,267.5,209.45,306.0,0.0,461.1111111,950.0,731.7983465,964.5,917.5,10077.29032,2477.0,1847.0,65527.403225,1270595.0,96826.58065,0.0,0.0,0.89900705625,0.516114189635198,0.2666666666666666,0.1505545305418164,2.3516607265,0.0774941840962724,-8.25,2.280350850198259,-19.33333333333333,15.588457268119898,6.8,20.758532382292028,11.25,3.674234614157016,1.9,0.6519202405314235,1.6666666666666667,4.08248290463863,15.571278826,4.631405830988462,19.2,0.3999999999999968,0.0,0.0,54.56999999999999,0.4164132562731243,78.58333333333333,7.095186161522912,83.49924295333334,1.328147986070817,251.0,17.495237447180486,208.725,0.7421814692738331,276.7326949,24.75883680628948,0.0,0.0,461.038638475,0.7791862130397584,953.3333333333334,5.773502691896615,492.83939534,200.1536622298032,964.375,0.2738612787633685,880.0,35.575623676789554,9218.6391125,545.6140081078927,2479.833333333333,2.31660671379244,1689.0,100.40567713033036,65527.557543333336,0.3143426002323061,1162360.0,68773.85477054489,88578.93548333332,5244.543065089831
2022-08-26 08:18:00,T050307,A_31,0.533711111,1,0.0,0.6409677420000001,0.1,2.4311352385,3.0,-14.0,0.0,312.0,43.5,0.0,32.5,19.5,0.0,54.9,82.5,82.28301887,223.5,206.0,243.0,0.0,459.5188679,910.0,1158.315,975.0,2246.5,7728.580645,2480.0,1415.0,65527.935485,974340.0,74284.74193999999,0.0,0.0,0.60295866925,0.5149959898936505,0.2666666666666666,0.1505545305418164,2.35249123075,0.0906289185448521,-6.0,5.522680508593625,-11.666666666666666,15.383974345619103,4.6,20.90255167836374,87.0,123.01707198596408,10.3,18.569464181823168,1.6666666666666667,4.08248290463863,20.321278826,8.461019524002173,19.325,0.3947573094108987,0.0,0.0,54.65333333333333,0.4255192905928616,80.25,6.53261050423179,82.95207314166667,0.9198996552245386,247.1,23.437861108326945,208.075,1.7322913534776574,275.7326949,33.85754470326822,0.0,0.0,460.7084497916667,0.946399124812936,940.0,26.457513110645984,633.47439534,346.20434210334656,967.0,4.756574397610733,1353.0,612.8600574356209,9113.391800666666,933.7014950691972,2480.1666666666665,2.136976056578016,1669.6666666666667,171.7469068134857,65527.648941666666,0.3221775990114975,1149060.8333333333,117766.79340968744,87572.51613,8964.4328770438
2022-08-26 08:26:00,T050307,A_31,0.533695238,1,0.0,0.590322581,0.8,2.3,-2.0,-19.0,-7.0,321.0,45.0,0.0,39.0,19.0,0.0,54.9,82.29032258000001,82.11111111,235.0,208.4,258.0,0.0,455.91666665,950.0,867.12172025,975.5,2277.0,8203.741935,2480.0,1502.0,65527.37097,1034235.0,78860.06452,0.0,0.0,0.5897580645,0.5064753952160804,0.3333333333333333,0.2658320271650252,2.335824564083333,0.0908810583492312,-3.75,5.805170109479993,-18.0,9.469248474227864,2.8,18.956089610817244,165.0,157.6946416337596,19.0,23.06241531149789,1.6666666666666667,4.08248290463863,27.23873165625,11.517235032670412,19.325,0.3947573094108987,0.0,0.0,54.73666666666667,0.4148091930835812,81.79838709666667,5.487994180458143,82.93285581166667,0.9390951575355307,243.9,22.8199474144856,208.3083333333333,1.7684739183827756,273.7795699,32.9089653438158,0.0,0.0,460.1112275666667,2.1835358929411384,936.6666666666666,23.09401076758513,713.5817393899999,217.95351085628343,969.875,5.985398900658653,1813.6666666666667,757.6167071811395,8972.353998166667,998.7234056219668,2480.1666666666665,2.136976056578016,1643.6666666666667,183.76561158171063,65527.648270000005,0.3170221542796555,1131250.8333333333,125981.32274269866,86223.02688333334,9585.44028690693
2022-08-26 09:38:00,T050307,A_31,0.525271429,1,0.0,0.5709375,0.7,2.4,-3.0,-90.0,-55.0,318.0,44.5,0.0,33.0,19.5,0.0,54.9,85.0,83.75471698,285.0,209.9,329.0,0.0,461.7735849,960.0,780.7519703,976.0,2405.5,10265.78125,2476.0,1880.0,65527.0,1294130.0,98714.0,0.0,0.0,0.620234375,0.0816605492974837,0.4333333333333333,0.2732520204255893,2.3614740045833336,0.0685150273697983,-2.0,4.827007354458864,-41.0,36.12016980395672,-5.4,26.5392790658174,242.25,167.1128361317582,27.6,22.92215085894017,1.6666666666666667,4.08248290463863,29.4722222225,11.28720748912549,19.45,0.3316624790355403,0.0,0.0,54.65,0.273861278752554,83.46505376333333,4.4261945737554695,83.22839506166666,0.8550766685917948,254.1,32.696839806519904,208.4583333333333,1.9672315572906407,281.8333333333333,45.93836450434216,0.0,0.0,460.223183075,2.2603555559553743,940.0,26.457513110645984,802.13440741,197.82445975924705,972.75,6.035312750803036,2309.6666666666665,771.0363642526806,9118.817539833331,1157.0508604489917,2479.0,2.1908902299574904,1670.3333333333333,212.5175286888123,65527.4977325,0.4710676015410348,1149676.6666666667,145901.67172620058,87642.06451833334,11120.712907045105
2022-08-26 12:37:00,T050307,A_31,0.5214063489999999,0,0.0,0.419677419,0.7,2.3424337985,2.0,-9.0,19.0,366.0,51.0,0.0,36.0,19.0,0.0,55.2,80.0,85.79245283,370.5,208.0,446.0,0.0,457.3773585,960.0,1191.275,976.5,2539.0,13827.41935,2479.0,2534.0,65527.17742,1742935.0,132963.7742,0.0,0.0,0.5554763105,0.103608159423059,0.4833333333333333,0.2926886855802025,2.3527078735,0.0501904619263432,0.0,3.701351104664346,-39.333333333333336,38.21866908549625,-8.6,31.478828864280626,329.25,164.2035322397173,37.4,19.453148845367178,1.6666666666666667,4.08248290463863,35.125,9.40950441082157,19.25,0.2886751345948095,0.0,0.0,54.78333333333334,0.3188521078284634,81.63172043,2.5698446704180045,83.492546005,1.330622381351215,276.3,68.52067814414308,208.29166666666663,1.0016652800878685,313.0,94.93330992509324,0.0,0.0,459.54079314166665,2.420414337010365,956.6666666666666,5.773502691896621,945.85240741,216.4348402303304,975.75,5.062114182829706,2407.1666666666665,658.5071563772049,9973.861389833331,2403.6184777518847,2478.5,1.643167672431585,1827.1666666666667,441.0377534860255,65527.37365666666,0.1855434359657224,1257393.3333333333,302911.73670311953,95875.19355166669,23125.502745590125
2022-08-26 14:59:00,T050307,A_31,0.529806349,1,0.0,0.408125,0.5,2.4,-149.0,-19.0,14.0,318.0,45.0,0.0,40.0,19.0,0.0,54.9,71.0,84.90566038,299.0,207.0,349.0,0.0,457.16037735,950.0,605.39737907,976.0,2444.5,10852.28125,2480.0,1988.0,65527.0,1368065.0,104348.25,0.0,0.0,0.497265625,0.1131418226789562,0.5333333333333333,0.2581988897471611,2.355022957833333,0.0332358619322532,-38.0,66.6835811875757,-39.333333333333336,37.464427572476446,-5.8,33.76758800980609,330.75,127.6804605254848,45.8,2.970690155504172,1.6666666666666667,4.08248290463863,37.0,9.757343967927987,19.125,0.2499999999999935,0.0,0.0,54.86666666666667,0.2581988897471391,80.54838709666667,4.938445242659128,83.684369905,1.4532831639977046,282.6,45.859386534637096,208.125,1.4730919862656775,321.8333333333333,62.58061467686148,0.0,0.0,458.80966106666665,2.3548050956958155,956.6666666666666,5.773502691896621,920.572213924,300.7022273739981,976.0,0.5700877125545383,2463.0,120.92508011158236,10159.182458333336,2432.9993157411664,2478.6666666666665,1.751190071463003,1861.0,446.42378968867706,65527.314516666665,0.1024334847371675,1280716.6666666667,306616.54422503035,97666.23521833331,23408.805346723337
